Algorithm,Num_rules,Time_sec,avg_support,avg_confidence,avg_lift
Apriori,1794,23.909722089767456,0.013849691153705986,0.5351891679949311,13.570162011790325
FP-Growth,1794,27.827911138534546,0.013849691153705986,0.5351891679949311,13.570162011790325
